frame,type,left,reference,left_label,reference_label,iou
adasind_258420.jpg,mismatching_attributes,10,5,Car,Car,0.500
adasind_258420.jpg,extra_annotation,2,,Bike,,N/A
adasind_258420.jpg,extra_annotation,4,,Bike,,N/A
adasind_258420.jpg,extra_annotation,5,,ThreeWheeler,,N/A
adasind_258420.jpg,extra_annotation,6,,ThreeWheeler,,N/A
adasind_258420.jpg,missing_annotation,,7,,Pedestrian,N/A
adasind_258420.jpg,missing_annotation,,8,,ThreeWheeler,N/A
adasind_270517.jpg,mismatching_attributes,4,5,Car,Car,0.857
adasind_270517.jpg,extra_annotation,7,,Pedestrian,,N/A
adasind_310008.jpg,mismatching_attributes,2,5,Pedestrian,Pedestrian,0.814
adasind_310008.jpg,mismatching_attributes,3,2,Pedestrian,Pedestrian,0.617
